,session_id,device,data loss (%),lost frames (#),total frames (#),loss events (#),total loss time (s),avg loss time (s),duplicates (#),obt. duration (h:m:s),exp. duration (h:m:s),Seq Rest (#),Seq Loss (#),Seq Loss (%),Total Seq Loss (s),exp sampling_rate (Hz),avg sampling period (s),std sampling period (s),max sampling period (s),min sampling period (s),buffer full (#),buffer lost frames (#),total time buffer full (s),buffer full avg (ts),buffer full max (ts),buffer full min (ts),time resets (#),time resets max (ts),time resets min (ts),time resets avg (ts),time resets std (ts)
0,1,7C:9E:BD:B5:A0:8A,3.21,5044,157084,555,53.10316600000033,0.09568 +- 0.07877,0,0.0:25.0:20.40000000000009,0.0:26.0:6.1416614055633545,0,2,0.0,0.03,100,0.0103,0.00703,0.76747,9e-05,554,5042,53.0731660000003,0.0958 +- 0.07879,0.76747,0.02277,0,0,0,0,0
1,1,E8:9F:6D:D1:25:42,1.17,1832,156272,217,19.38786800000011,0.08935 +- 0.06948,0,0.0:25.0:44.40000000000009,0.0:26.0:1.5982716083526611,0,0,0.0,0.0,100,0.0101,0.00396,0.51713,9e-05,217,1832,19.38786800000011,0.08935 +- 0.06948,0.51713,0.02286,0,0,0,0,0
2,1,7C:9E:BD:B5:98:1A,0.55,854,156154,116,9.107591000000241,0.07851 +- 0.05648,0,0.0:25.0:53.0,0.0:26.0:0.9764440059661865,0,2,0.0,0.03,100,0.01005,0.00243,0.34109,0.00037,115,852,9.077593000000263,0.07894 +- 0.05654,0.34109,0.0226,0,0,0,0,0
3,1,E8:9F:6D:D2:D4:1A,2.91,4559,156399,482,47.980106000001655,0.09954 +- 0.08323,0,0.0:25.0:18.40000000000009,0.0:26.0:0.15367650985717773,0,0,0.0,0.0,100,0.01027,0.00689,0.66791,9e-05,482,4559,47.980106000001655,0.09954 +- 0.08323,0.66791,0.02269,0,0,0,0,0
4,1,E8:9F:6D:D2:64:3A,6.19,9618,155478,894,100.53037900000031,0.11245 +- 0.09092,0,0.0:24.0:18.59999999999991,0.0:25.0:47.204450368881226,0,1,0.0,0.02,100,0.0106,0.01071,0.76765,9e-05,893,9617,100.51037900000033,0.11255 +- 0.09092,0.76765,0.02286,0,0,0,0,0
Average,1.00 ± 0.00,---,2.81 ± 2.20,4381.40 ± 3421.79,156277.40 ± 574.39,452.80 ± 306.18,46.02 ± 35.70,---,0.00 ± 0.00,---,---,0.00 ± 0.00,1.00 ± 1.00,0.00 ± 0.00,0.02 ± 0.02,100.00 ± 0.00,0.01 ± 0.00,0.01 ± 0.00,0.61 ± 0.18,0.00 ± 0.00,452.20 ± 306.01,4380.40 ± 3421.82,46.01 ± 35.70,---,0.61 ± 0.18,0.02 ± 0.00,0.00 ± 0.00,0.00 ± 0.00,0.00 ± 0.00,0.00 ± 0.00,0.00 ± 0.00
