,session_id,device,data loss (%),lost frames (#),total frames (#),loss events (#),total loss time (s),avg loss time (s),duplicates (#),obt. duration (h:m:s),exp. duration (h:m:s),Seq Rest (#),Seq Loss (#),Seq Loss (%),Total Seq Loss (s),exp sampling_rate (Hz),avg sampling period (s),std sampling period (s),max sampling period (s),min sampling period (s),buffer full (#),buffer lost frames (#),total time buffer full (s),buffer full avg (ts),buffer full max (ts),buffer full min (ts),time resets (#),time resets max (ts),time resets min (ts),time resets avg (ts),time resets std (ts)
0,1,E8:9F:6D:D1:25:42,0.0,32,934912,10,0.35536199999478413,0.03554 +- 0.01164,0,2.0:35.0:49.1200000000008,2.0:35.0:56.90348482131958,0,0,0.0,0.0,100,0.01,9e-05,0.05845,0.0046,10,32,0.35536199999478413,0.03554 +- 0.01164,0.05845,0.02373,0,0,0,0,0
1,1,7C:9E:BD:B5:A0:8A,0.0,14,934694,6,0.1562770000018645,0.02605 +- 0.00327,0,2.0:35.0:46.94000000000051,2.0:35.0:56.90348482131958,0,0,0.0,0.0,100,0.01,5e-05,0.03068,0.00321,6,14,0.1562770000018645,0.02605 +- 0.00327,0.03068,0.02373,0,0,0,0,0
2,1,E8:9F:6D:D2:D4:1A,0.01,58,934678,18,0.6632449999960954,0.03685 +- 0.01155,0,2.0:35.0:46.780000000000655,2.0:35.0:56.90348482131958,0,0,0.0,0.0,100,0.01,0.00013,0.05845,0.00238,18,58,0.6632449999960954,0.03685 +- 0.01155,0.05845,0.02373,0,0,0,0,0
3,1,E8:9F:6D:D2:64:3A,0.02,226,934546,42,2.386080999996011,0.05681 +- 0.04605,0,2.0:35.0:45.45999999999913,2.0:35.0:56.90348482131958,0,0,0.0,0.0,100,0.01,0.00044,0.22208,0.00321,42,226,2.386080999996011,0.05681 +- 0.04605,0.22208,0.0233,0,0,0,0,0
4,1,7C:9E:BD:B5:98:1A,0.0,44,934404,13,0.48211700000683777,0.03709 +- 0.01796,0,2.0:35.0:44.04000000000087,2.0:35.0:56.90348482131958,0,0,0.0,0.0,100,0.01,0.00012,0.08623,0.00155,13,44,0.48211700000683777,0.03709 +- 0.01796,0.08623,0.02373,0,0,0,0,0
Average,1.00 ± 0.00,---,0.01 ± 0.01,74.80 ± 86.05,934646.80 ± 188.84,17.80 ± 14.22,0.81 ± 0.90,---,0.00 ± 0.00,---,---,0.00 ± 0.00,0.00 ± 0.00,0.00 ± 0.00,0.00 ± 0.00,100.00 ± 0.00,0.01 ± 0.00,0.00 ± 0.00,0.09 ± 0.08,0.00 ± 0.00,17.80 ± 14.22,74.80 ± 86.05,0.81 ± 0.90,---,0.09 ± 0.08,0.02 ± 0.00,0.00 ± 0.00,0.00 ± 0.00,0.00 ± 0.00,0.00 ± 0.00,0.00 ± 0.00
