,session_id,device,data loss (%),lost frames (#),total frames (#),loss events (#),total loss time (s),avg loss time (s),duplicates (#),obt. duration (h:m:s),exp. duration (h:m:s),Seq Rest (#),Seq Loss (#),Seq Loss (%),Total Seq Loss (s),exp sampling_rate (Hz),avg sampling period (s),std sampling period (s),max sampling period (s),min sampling period (s),buffer full (#),buffer lost frames (#),total time buffer full (s),buffer full avg (ts),buffer full max (ts),buffer full min (ts),time resets (#),time resets max (ts),time resets min (ts),time resets avg (ts),time resets std (ts)
0,1,E8:9F:6D:D2:64:3A,2.68,7175,267275,827,75.4921620000041,0.09128 +- 0.07715,0,0.0:44.0:32.75,0.0:44.0:25.223390340805054,0,2,0.0,0.03,100,0.01024,0.00632,0.88735,9e-05,826,7173,75.46216200000413,0.09136 +- 0.07717,0.88735,0.02286,0,0,0,0,0
1,1,E8:9F:6D:D2:D4:1A,1.66,4420,266580,419,46.2162039999987,0.1103 +- 0.08961,0,0.0:44.0:25.800000000000182,0.0:44.0:22.512330293655396,0,1,0.0,0.02,100,0.01015,0.00538,0.59247,0.00011,418,4419,46.196203999998716,0.11052 +- 0.08961,0.59247,0.02277,0,0,0,0,0
2,1,E8:9F:6D:D1:25:42,11.7,31347,267967,2002,323.2220519999954,0.16145 +- 0.1855,0,0.0:44.0:39.67000000000007,0.0:44.0:21.296659231185913,0,0,0.0,0.0,100,0.01124,0.022,3.56805,9e-05,2002,31347,323.2220519999954,0.16145 +- 0.1855,3.56805,0.02277,0,0,0,0,0
3,1,7C:9E:BD:B5:A0:8A,4.8,12795,266795,870,131.98548599999913,0.15171 +- 0.14303,0,0.0:44.0:27.949999999999818,0.0:44.0:20.115074396133423,0,4,0.0,0.06,100,0.01047,0.01178,0.93518,9e-05,868,12791,131.92548899999974,0.15199 +- 0.14307,0.93518,0.02269,0,0,0,0,0
4,1,7C:9E:BD:B5:98:1A,2.51,6686,266686,744,70.39794200000097,0.09462 +- 0.07509,0,0.0:44.0:26.860000000000127,0.0:44.0:19.88489270210266,0,2,0.0,0.03,100,0.01023,0.00606,0.63172,9e-05,743,6684,70.36794200000122,0.09471 +- 0.07511,0.63172,0.02286,0,0,0,0,0
Average,1.00 ± 0.00,---,4.67 ± 4.10,12484.60 ± 10985.67,267060.60 ± 572.14,972.40 ± 602.10,129.46 ± 112.78,---,0.00 ± 0.00,---,---,0.00 ± 0.00,1.80 ± 1.48,0.00 ± 0.00,0.03 ± 0.02,100.00 ± 0.00,0.01 ± 0.00,0.01 ± 0.01,1.32 ± 1.26,0.00 ± 0.00,971.40 ± 602.58,12482.80 ± 10986.33,129.43 ± 112.79,---,1.32 ± 1.26,0.02 ± 0.00,0.00 ± 0.00,0.00 ± 0.00,0.00 ± 0.00,0.00 ± 0.00,0.00 ± 0.00
